session_date,5m PRINT,5m CLOSE,10m PRINT,10m CLOSE,15m PRINT,15m CLOSE,30m PRINT,30m CLOSE
2024-06-20,0.0,0.0,0.0,0.0,0.0,0.0,0.0,0.0
2024-06-21,-1.0,2.0,-1.0,2.0,2.0,2.0,-1.0,-1.0
2024-06-24,-2.0,1.0,-2.0,1.0,1.0,1.0,-2.0,-2.0
2024-06-25,-3.0,0.0,-3.0,0.0,0.0,0.0,0.0,0.0
2024-06-26,-1.0,2.0,-1.0,2.0,2.0,2.0,-1.0,-1.0
2024-06-27,-2.0,1.0,-2.0,1.0,1.0,1.0,-2.0,-2.0
2024-06-28,-2.0,3.0,0.0,3.0,3.0,3.0,0.0,-3.0
2024-07-01,0.0,5.0,2.0,5.0,5.0,5.0,-1.0,-4.0
2024-07-02,0.0,7.0,1.0,4.0,4.0,4.0,1.0,-2.0
2024-07-03,-1.0,6.0,0.0,3.0,3.0,3.0,1.0,-3.0
2024-07-04,1.0,6.675,0.631578947368421,3.5121951219512195,3.6315789473684212,3.5121951219512195,1.0625,-3.0
2024-07-05,0.0,5.675,-0.368421052631579,2.5121951219512195,2.6315789473684212,2.5121951219512195,0.0625,-4.0
2024-07-08,-1.0,4.675,-1.368421052631579,1.5121951219512195,1.6315789473684212,1.5121951219512195,-0.9375,-5.0
2024-07-09,-2.0,3.675,-2.3684210526315788,0.5121951219512195,0.6315789473684212,0.5121951219512195,-1.9375,-6.0
2024-07-10,-3.0,2.675,-3.3684210526315788,-0.4878048780487805,-0.36842105263157876,-0.4878048780487805,-2.9375,-7.0
2024-07-11,-4.0,1.6749999999999998,-4.368421052631579,-1.4878048780487805,1.6315789473684212,1.5121951219512195,-0.9375,-5.0
2024-07-12,-5.0,0.6749999999999998,-5.368421052631579,-2.4878048780487805,3.6315789473684212,3.5121951219512195,1.0625,-3.0
2024-07-15,-6.0,-0.3250000000000002,-6.368421052631579,-3.4878048780487805,2.6315789473684212,2.5121951219512195,3.0625,-1.0
2024-07-16,-7.0,-1.3250000000000002,-4.368421052631579,-1.4878048780487805,4.631578947368421,4.512195121951219,2.5007978723404256,-1.6023166023166024
2024-07-17,-8.0,-2.325,-2.3684210526315788,0.5121951219512195,3.6315789473684212,6.512195121951219,4.500797872340426,0.39768339768339755
2024-07-18,-6.0,-0.3250000000000002,-0.36842105263157876,2.5121951219512195,2.6315789473684212,5.512195121951219,6.500797872340426,2.3976833976833976
2024-07-19,-7.0,-1.3250000000000002,-1.3684210526315788,1.5121951219512195,4.631578947368421,6.620890774125132,6.500797872340426,2.3976833976833976
2024-07-22,-8.0,-2.325,-2.3684210526315788,0.5121951219512195,3.6315789473684212,5.620890774125132,5.500797872340426,1.3976833976833976
2024-07-23,-6.0,-0.3250000000000002,-3.3684210526315788,-0.4878048780487805,2.6315789473684212,4.620890774125132,4.500797872340426,0.39768339768339755
2024-07-24,-4.0,1.6749999999999998,-1.3684210526315788,1.5121951219512195,4.631578947368421,6.620890774125132,6.500797872340426,2.3976833976833976
2024-07-25,-5.0,0.6749999999999998,0.6315789473684212,3.5121951219512195,6.631578947368421,8.620890774125133,5.500797872340426,1.3976833976833976
2024-07-26,-6.0,-0.3250000000000002,-0.36842105263157876,2.5121951219512195,5.631578947368421,7.620890774125133,4.500797872340426,0.39768339768339755
2024-07-29,-4.0,-1.3250000000000002,-1.3684210526315788,1.5121951219512195,4.631578947368421,6.620890774125133,3.500797872340426,-0.6023166023166024
2024-07-30,-5.0,-2.325,-2.3684210526315788,0.5121951219512195,6.631578947368421,8.620890774125133,5.500797872340426,1.3976833976833976
2024-07-31,-6.0,-3.325,-3.3684210526315788,-0.4878048780487805,8.631578947368421,7.620890774125133,7.500797872340426,0.39768339768339755
2024-08-01,-4.0,-1.3250000000000002,-1.3684210526315788,1.5121951219512195,7.631578947368421,6.620890774125133,9.500797872340426,2.3976833976833976
2024-08-02,-5.0,-2.325,-2.3684210526315788,0.5121951219512195,7.442512888142908,6.194159695220141,9.311731813114914,1.9709523187784057
2024-08-05,-3.0,-0.3250000000000002,-0.36842105263157876,1.0673635307781648,9.442512888142907,6.749328104047087,9.632316739999053,1.9071564655088684
2024-08-06,-4.0,-1.3250000000000002,-1.3684210526315788,0.06736353077816482,8.442512888142907,8.749328104047088,11.632316739999053,3.9071564655088684
2024-08-07,-5.0,-2.325,-2.3684210526315788,-0.9326364692218352,7.4425128881429075,7.749328104047088,10.632316739999053,2.9071564655088684
2024-08-08,-3.0,-0.3250000000000002,-3.3684210526315788,-1.9326364692218352,6.4425128881429075,6.749328104047088,12.632316739999053,4.907156465508868
2024-08-09,-4.0,-1.3250000000000002,-4.368421052631579,-2.932636469221835,5.4425128881429075,5.749328104047088,11.632316739999053,3.9071564655088684
2024-08-12,-5.0,0.6749999999999998,-2.3684210526315788,-0.9326364692218352,4.4425128881429075,4.749328104047088,10.632316739999053,2.9071564655088684
2024-08-13,-3.0,2.675,-0.36842105263157876,1.0673635307781648,6.4425128881429075,6.749328104047088,9.632316739999053,1.9071564655088684
2024-08-14,-1.0,4.675,1.6315789473684212,3.067363530778165,5.4425128881429075,5.749328104047088,8.632316739999053,0.9071564655088684
2024-08-15,-2.0,3.675,0.6315789473684212,5.067363530778165,7.4425128881429075,7.749328104047088,10.632316739999053,2.3939985707720264
2024-08-16,-2.0,2.675,-0.36842105263157876,4.067363530778165,6.4425128881429075,6.749328104047088,9.632316739999053,1.3939985707720264
2024-08-19,-2.0,1.6749999999999998,-1.3684210526315788,3.067363530778165,5.4425128881429075,5.749328104047088,8.632316739999053,0.3939985707720264
2024-08-20,0.0,3.675,0.6315789473684212,5.067363530778165,4.4425128881429075,4.749328104047088,8.734168591850905,0.3384430152164709
2024-08-21,-1.0,2.675,2.6315789473684212,7.067363530778165,6.4425128881429075,3.7493281040470876,7.734168591850905,-0.6615569847835291
2024-08-22,-2.0,1.6749999999999998,2.6315789473684212,6.067363530778165,6.4425128881429075,2.7493281040470876,9.734168591850905,1.338443015216471
2024-08-23,0.0,0.6749999999999998,4.631578947368421,5.067363530778165,8.442512888142907,1.7493281040470876,11.734168591850905,0.338443015216471
2024-08-26,2.0,2.675,6.631578947368421,7.067363530778165,10.442512888142907,3.7493281040470876,13.734168591850905,2.338443015216471
2024-08-27,4.0,1.6749999999999998,5.631578947368421,6.067363530778165,9.442512888142907,2.7493281040470876,14.986106576347028,3.3213781688000887
2024-08-28,6.0,3.675,4.631578947368421,8.067363530778165,11.442512888142907,4.749328104047088,16.986106576347026,5.321378168800089
2024-08-29,5.0,2.675,3.6315789473684212,7.067363530778165,10.442512888142907,3.7493281040470876,15.986106576347026,4.321378168800089
2024-08-30,4.0,1.6749999999999998,2.6315789473684212,6.067363530778165,9.442512888142907,2.7493281040470876,14.986106576347026,3.3213781688000887
2024-09-02,3.0,0.6749999999999998,1.6315789473684212,5.067363530778165,8.442512888142907,1.7493281040470876,13.986106576347026,2.3213781688000887
2024-09-03,5.0,2.675,3.6315789473684212,7.067363530778165,10.442512888142907,3.7493281040470876,15.986106576347026,4.321378168800089
2024-09-04,4.0,1.6749999999999998,2.6315789473684212,6.067363530778165,9.442512888142907,2.7493281040470876,14.986106576347026,3.3213781688000887
2024-09-05,4.0,3.675,1.6315789473684212,5.067363530778165,8.442512888142907,1.7493281040470876,13.986106576347026,2.3213781688000887
2024-09-06,4.0,5.675,3.6315789473684212,7.067363530778165,10.442512888142907,3.7493281040470876,15.986106576347026,4.321378168800089
2024-09-09,3.0,4.675,5.631578947368421,6.067363530778165,12.442512888142907,2.7493281040470876,14.986106576347026,3.3213781688000887
2024-09-10,2.0,3.675,4.631578947368421,5.067363530778165,11.442512888142907,1.7493281040470876,13.986106576347026,2.3213781688000887
2024-09-11,1.0,2.675,3.6315789473684212,7.067363530778165,13.442512888142907,3.7493281040470876,15.986106576347026,4.321378168800089
2024-09-12,0.0,1.6749999999999998,2.6315789473684212,6.067363530778165,12.442512888142907,2.7493281040470876,17.986106576347026,6.321378168800089
2024-09-13,2.0,0.6749999999999998,1.6315789473684212,5.067363530778165,12.442512888142907,1.7493281040470876,17.986106576347026,5.321378168800089
2024-09-20,1.0,2.675,3.6315789473684212,7.067363530778165,14.442512888142907,3.7493281040470876,19.986106576347026,7.321378168800089
2024-09-23,0.0,1.6749999999999998,2.6315789473684212,6.067363530778165,13.442512888142907,2.7493281040470876,18.986106576347026,6.321378168800089
2024-09-24,-1.0,3.675,4.631578947368421,8.067363530778165,15.442512888142907,4.749328104047088,20.986106576347026,5.321378168800089
2024-09-25,-2.0,2.675,3.6315789473684212,7.067363530778165,14.442512888142907,3.7493281040470876,19.986106576347026,4.321378168800089
2024-09-26,0.0,4.675,5.631578947368421,9.067363530778165,16.442512888142907,5.749328104047088,21.986106576347026,6.321378168800089
2024-09-27,0.0,3.675,7.631578947368421,11.067363530778165,18.442512888142907,7.749328104047088,23.986106576347026,8.321378168800088
2024-09-30,-1.0,2.675,6.631578947368421,10.067363530778165,17.442512888142907,6.749328104047088,22.986106576347026,7.321378168800088
2024-10-01,1.0,4.675,8.631578947368421,12.067363530778165,19.442512888142907,7.214444383116855,22.980898243013694,7.215293925430353
2024-10-02,0.0,6.675,7.631578947368421,11.067363530778165,18.442512888142907,7.734157644765601,23.587639816047403,7.725857305712043
2024-10-03,2.0,8.675,9.631578947368421,10.067363530778165,17.442512888142907,6.734157644765601,22.587639816047403,6.725857305712043
2024-10-04,4.0,10.675,11.631578947368421,12.067363530778165,19.442512888142907,8.7341576447656,21.587639816047403,5.725857305712043
2024-10-07,3.0,9.675,10.631578947368421,11.067363530778165,18.442512888142907,7.734157644765601,20.587639816047403,4.725857305712043
2024-10-08,2.0,8.675,12.631578947368421,13.067363530778165,20.442512888142907,9.7341576447656,22.587639816047403,6.114924829827798
2024-10-09,1.0,7.675000000000001,11.631578947368421,12.067363530778165,22.442512888142907,11.7341576447656,24.587639816047403,8.114924829827798
2024-10-10,0.0,6.675000000000001,10.631578947368421,11.067363530778165,21.442512888142907,10.7341576447656,26.587639816047403,10.114924829827798
2024-10-11,-1.0,5.675000000000001,9.631578947368421,10.067363530778165,20.442512888142907,9.7341576447656,28.587639816047403,12.114924829827798
2024-10-14,1.0,7.675000000000001,11.631578947368421,12.067363530778165,22.442512888142907,8.7341576447656,27.587639816047403,11.114924829827798
2024-10-15,0.0,6.675000000000001,13.631578947368421,14.067363530778165,24.442512888142907,10.7341576447656,29.587639816047403,13.114924829827798
2024-10-16,2.0,8.675,12.631578947368421,13.067363530778165,23.442512888142907,9.7341576447656,28.587639816047403,13.114924829827798
2024-10-17,4.0,7.675000000000001,11.631578947368421,12.067363530778165,22.442512888142907,8.7341576447656,27.587639816047403,12.114924829827798
2024-10-18,4.0,6.675000000000001,13.631578947368421,11.067363530778165,21.442512888142907,7.734157644765601,26.587639816047403,11.114924829827798
2024-10-21,6.0,5.675000000000001,15.631578947368421,10.067363530778165,23.442512888142907,6.734157644765601,25.587639816047403,10.114924829827798
2024-10-22,6.0,7.675000000000001,17.63157894736842,12.067363530778165,25.442512888142907,8.7341576447656,27.587639816047403,10.583279260207545
2024-10-23,8.0,6.675000000000001,19.63157894736842,11.067363530778165,27.442512888142907,7.734157644765601,29.587639816047403,9.583279260207545
2024-10-24,7.0,5.675000000000001,18.63157894736842,10.067363530778165,26.442512888142907,6.734157644765601,28.587639816047403,9.583279260207545
2024-10-25,9.0,7.675000000000001,20.63157894736842,12.067363530778165,28.442512888142907,8.7341576447656,27.587639816047403,8.583279260207545
2024-10-28,8.0,6.675000000000001,19.63157894736842,11.067363530778165,27.442512888142907,7.734157644765601,27.587639816047403,8.583279260207545
2024-10-29,7.0,8.675,21.63157894736842,13.067363530778165,29.442512888142907,9.7341576447656,29.587639816047403,10.583279260207545
2024-10-30,9.0,10.675,23.63157894736842,12.067363530778165,28.442512888142907,8.7341576447656,28.587639816047403,9.583279260207545
2024-10-31,11.0,12.675,25.63157894736842,14.067363530778165,30.442512888142907,10.7341576447656,29.825082738421834,10.672831499013515
2024-11-01,13.0,14.675,27.63157894736842,16.067363530778167,32.44251288814291,12.7341576447656,29.33355731469302,10.132601613956044
2024-11-04,12.0,13.675,26.63157894736842,15.067363530778167,31.442512888142907,11.7341576447656,28.33355731469302,9.132601613956044
2024-11-05,14.0,15.675,28.63157894736842,17.067363530778167,33.44251288814291,13.7341576447656,28.887655675348757,9.618495030883944
2024-11-06,13.0,14.675,27.63157894736842,16.067363530778167,32.44251288814291,12.7341576447656,27.887655675348757,8.618495030883944
2024-11-07,15.0,16.675,29.63157894736842,18.067363530778167,34.44251288814291,14.7341576447656,29.887655675348757,10.618495030883944
2024-11-08,14.0,15.675,28.63157894736842,17.067363530778167,33.44251288814291,13.7341576447656,28.887655675348757,9.618495030883944
2024-11-11,16.0,17.675,30.63157894736842,19.067363530778167,35.44251288814291,13.268404220108067,27.887655675348757,8.618495030883944
2024-11-12,15.0,16.675,29.63157894736842,18.067363530778167,34.44251288814291,12.268404220108067,26.887655675348757,10.618495030883944
2024-11-13,15.0,15.675,28.63157894736842,20.067363530778167,33.44251288814291,11.268404220108067,28.887655675348757,9.618495030883944
2024-11-14,14.0,17.675,30.63157894736842,22.067363530778167,32.44251288814291,10.268404220108067,27.887655675348757,8.618495030883944
2024-11-15,16.0,19.675,29.63157894736842,21.067363530778167,34.44251288814291,12.268404220108067,29.887655675348757,10.618495030883944
2024-11-18,15.0,18.675,28.63157894736842,20.067363530778167,33.44251288814291,11.268404220108067,31.887655675348757,12.618495030883944
2024-11-19,14.0,17.675,27.63157894736842,19.067363530778167,35.44251288814291,13.268404220108067,33.88765567534875,14.618495030883944
2024-11-20,16.0,19.675,29.63157894736842,21.067363530778167,37.44251288814291,15.268404220108067,32.88765567534875,13.618495030883944
2024-11-21,18.0,21.675,28.63157894736842,20.067363530778167,36.44251288814291,14.268404220108067,31.887655675348753,12.618495030883944
2024-11-22,17.0,20.675,27.63157894736842,19.067363530778167,35.44251288814291,13.268404220108067,30.887655675348753,11.618495030883944
2024-11-25,16.0,19.675,26.63157894736842,18.067363530778167,37.44251288814291,13.88800076189481,31.373894207458846,12.03954766246289
2024-11-26,15.0,18.675,25.63157894736842,17.067363530778167,36.44251288814291,12.88800076189481,31.373894207458846,11.03954766246289
2024-11-27,17.0,20.675,27.63157894736842,19.067363530778167,38.44251288814291,14.88800076189481,33.37389420745885,13.03954766246289
2024-11-28,16.0,19.675,26.63157894736842,18.067363530778167,37.44251288814291,13.88800076189481,32.37389420745885,12.03954766246289
2024-11-29,16.0,21.675,28.63157894736842,20.067363530778167,39.44251288814291,15.88800076189481,33.65708004816681,13.137108638072647
2024-12-02,18.0,23.675,30.63157894736842,22.067363530778167,41.44251288814291,16.91830379219784,34.30291338150015,13.656339407303417
2024-12-03,20.0,25.675,29.63157894736842,21.067363530778167,40.44251288814291,15.91830379219784,33.30291338150015,12.656339407303417
2024-12-04,19.0,24.675,28.63157894736842,23.067363530778167,39.44251288814291,17.91830379219784,35.30291338150015,14.656339407303417
2024-12-05,18.0,23.675,27.63157894736842,22.067363530778167,38.44251288814291,16.91830379219784,34.30291338150015,13.656339407303417
2024-12-06,20.0,25.675,29.63157894736842,24.067363530778167,40.44251288814291,18.91830379219784,34.99017206875884,14.330668909219126
2024-12-09,19.0,24.675,28.63157894736842,23.067363530778167,39.44251288814291,17.91830379219784,36.99017206875884,16.330668909219128
2024-12-10,21.0,26.675,30.63157894736842,22.067363530778167,38.44251288814291,16.91830379219784,35.99017206875884,15.330668909219128
2024-12-11,20.0,25.675,32.631578947368425,24.067363530778167,40.44251288814291,18.91830379219784,37.5063011010169,16.806859385409606
2024-12-12,19.0,24.675,31.631578947368425,23.067363530778167,39.44251288814291,17.91830379219784,36.5063011010169,15.806859385409606
2024-12-13,21.0,26.675,33.631578947368425,22.067363530778167,38.44251288814291,16.91830379219784,38.5063011010169,15.383461056718797
2024-12-20,23.0,25.675,32.631578947368425,21.067363530778167,37.44251288814291,15.91830379219784,40.5063011010169,17.383461056718797
2024-12-23,22.0,24.675,31.631578947368425,20.067363530778167,36.44251288814291,14.91830379219784,39.5063011010169,16.383461056718797
2024-12-24,24.0,26.675,33.631578947368425,22.067363530778167,38.44251288814291,16.91830379219784,41.5063011010169,18.383461056718797
2024-12-26,26.0,25.675,35.631578947368425,24.067363530778167,40.44251288814291,18.91830379219784,41.48456197058212,18.347746771004513
2024-12-27,28.0,27.675,37.631578947368425,26.067363530778167,42.44251288814291,18.51105432524688,41.193895303915454,17.929803663783506
2024-12-30,27.0,26.675,36.631578947368425,25.067363530778167,41.44251288814291,17.51105432524688,40.193895303915454,16.929803663783506
2024-12-31,29.0,28.675,35.631578947368425,24.067363530778167,40.44251288814291,16.51105432524688,39.193895303915454,15.929803663783506
2025-01-02,28.0,27.675,34.631578947368425,23.067363530778167,39.44251288814291,15.511054325246882,38.193895303915454,14.929803663783506
2025-01-03,27.0,26.675,33.631578947368425,22.067363530778167,38.44251288814291,14.511054325246882,37.193895303915454,13.929803663783506
2025-01-06,29.0,28.675,35.631578947368425,21.067363530778167,37.44251288814291,13.511054325246882,36.193895303915454,12.929803663783506
2025-01-07,28.0,27.675,37.631578947368425,23.067363530778167,39.44251288814291,15.511054325246882,38.193895303915454,14.929803663783506
2025-01-08,27.0,26.675,36.631578947368425,22.067363530778167,38.44251288814291,14.511054325246882,37.193895303915454,13.929803663783506
2025-01-10,29.0,28.675,35.631578947368425,24.067363530778167,38.44251288814291,16.51105432524688,36.193895303915454,12.929803663783506
2025-01-13,31.0,27.675,34.631578947368425,23.067363530778167,37.44251288814291,15.511054325246882,35.193895303915454,11.929803663783506
2025-01-14,30.0,26.675,33.631578947368425,22.067363530778167,36.44251288814291,14.511054325246882,37.193895303915454,12.281155015134857
2025-01-15,29.0,25.675,35.631578947368425,24.067363530778167,35.44251288814291,13.511054325246882,36.193895303915454,11.281155015134857
2025-01-16,28.0,24.675,34.631578947368425,23.067363530778167,34.44251288814291,12.511054325246882,35.193895303915454,10.281155015134857
2025-01-17,27.0,23.675,33.631578947368425,22.067363530778167,33.44251288814291,11.511054325246882,34.193895303915454,10.281155015134857
2025-01-20,26.0,25.675,35.631578947368425,21.067363530778167,35.44251288814291,13.511054325246882,36.193895303915454,12.281155015134857
2025-01-21,26.0,27.675,34.631578947368425,20.067363530778167,34.44251288814291,12.511054325246882,35.193895303915454,11.281155015134857
2025-01-22,28.0,29.675,36.631578947368425,22.067363530778167,36.44251288814291,14.511054325246882,34.717895303915455,10.773636218142375
2025-01-23,27.0,28.675,35.631578947368425,21.067363530778167,35.44251288814291,16.51105432524688,36.717895303915455,12.773636218142375
2025-01-24,26.0,27.675,34.631578947368425,20.067363530778167,34.44251288814291,15.511054325246882,38.717895303915455,14.773636218142375
2025-01-27,25.0,26.675,33.631578947368425,19.067363530778167,33.44251288814291,14.511054325246882,37.717895303915455,13.773636218142375
2025-01-28,27.0,25.675,32.631578947368425,18.067363530778167,32.44251288814291,13.511054325246882,39.717895303915455,15.773636218142375
2025-01-29,29.0,27.675,34.631578947368425,20.067363530778167,31.442512888142907,15.511054325246882,41.717895303915455,17.773636218142375
2025-01-30,28.0,26.675,36.631578947368425,19.067363530778167,33.44251288814291,14.511054325246882,43.717895303915455,16.773636218142375
2025-01-31,27.0,28.675,38.631578947368425,21.067363530778167,35.44251288814291,16.51105432524688,42.717895303915455,15.773636218142375
2025-02-03,26.0,27.675,37.631578947368425,20.067363530778167,34.44251288814291,15.511054325246882,41.717895303915455,14.773636218142375
2025-02-04,28.0,29.675,39.631578947368425,22.067363530778167,36.44251288814291,17.51105432524688,42.790994719120135,15.619990384809041
2025-02-05,27.0,28.675,38.631578947368425,21.067363530778167,35.44251288814291,16.51105432524688,41.790994719120135,14.619990384809041
2025-02-06,29.0,30.675,40.631578947368425,23.067363530778167,37.44251288814291,15.511054325246882,40.790994719120135,13.619990384809041
2025-02-07,28.0,29.675,42.631578947368425,25.067363530778167,39.44251288814291,17.51105432524688,42.790994719120135,15.619990384809041
2025-02-10,27.0,28.675,41.631578947368425,24.067363530778167,38.44251288814291,16.51105432524688,44.790994719120135,17.619990384809043
2025-02-11,29.0,27.675,40.631578947368425,23.067363530778167,37.44251288814291,15.511054325246882,43.790994719120135,16.619990384809043
2025-02-12,31.0,29.675,39.631578947368425,22.067363530778167,36.44251288814291,14.511054325246882,45.00311593124135,17.79260943242809
2025-02-13,30.0,28.675,38.631578947368425,21.067363530778167,35.44251288814291,13.511054325246882,44.00311593124135,16.79260943242809
2025-02-14,29.0,27.675,37.631578947368425,20.067363530778167,34.44251288814291,12.511054325246882,43.00311593124135,15.79260943242809
2025-02-17,28.0,26.675,36.631578947368425,19.067363530778167,34.172512888142904,12.1997335705299,42.73311593124134,15.48128867771111
2025-02-18,30.0,28.675,38.631578947368425,21.067363530778167,36.172512888142904,14.1997335705299,41.73311593124134,14.48128867771111
2025-02-19,29.0,27.675,40.631578947368425,20.067363530778167,38.172512888142904,13.1997335705299,40.73311593124134,13.48128867771111
2025-02-20,29.0,29.675,40.631578947368425,22.067363530778167,40.172512888142904,15.1997335705299,39.73311593124134,12.48128867771111
2025-02-21,31.0,31.675,39.631578947368425,21.067363530778167,42.172512888142904,17.1997335705299,41.73311593124134,14.48128867771111
2025-02-24,33.0,33.675,41.631578947368425,23.067363530778167,44.172512888142904,19.1997335705299,42.88871759099238,15.06031603333421
2025-02-25,32.0,35.675,43.631578947368425,25.067363530778167,46.172512888142904,21.1997335705299,44.88871759099238,15.49854447156265
2025-02-26,32.0,34.675,45.631578947368425,27.067363530778167,48.172512888142904,23.1997335705299,43.88871759099238,14.49854447156265
2025-02-27,32.0,33.675,47.631578947368425,29.067363530778167,50.172512888142904,25.1997335705299,45.88871759099238,15.743204665737407
2025-02-28,31.0,32.675,49.631578947368425,28.067363530778167,49.172512888142904,24.1997335705299,44.88871759099238,14.743204665737407
2025-03-03,33.0,34.675,51.631578947368425,30.067363530778167,51.172512888142904,26.1997335705299,43.88871759099238,13.743204665737407
2025-03-04,33.0,33.675,53.631578947368425,29.067363530778167,53.172512888142904,25.1997335705299,42.88871759099238,12.743204665737407
2025-03-05,35.0,32.675,52.631578947368425,28.067363530778167,52.172512888142904,24.1997335705299,41.88871759099238,11.743204665737407
2025-03-06,34.0,31.674999999999997,51.631578947368425,27.067363530778167,51.172512888142904,23.1997335705299,43.88871759099238,13.743204665737407
2025-03-07,33.0,30.674999999999997,53.631578947368425,26.067363530778167,50.172512888142904,22.1997335705299,45.88871759099238,12.743204665737407
2025-03-10,32.0,32.675,52.631578947368425,28.067363530778167,52.172512888142904,24.1997335705299,47.88871759099238,14.743204665737407
2025-03-11,32.0,34.675,51.631578947368425,27.067363530778167,51.172512888142904,23.1997335705299,46.88871759099238,13.743204665737407
2025-03-12,31.0,33.675,50.631578947368425,26.067363530778167,50.172512888142904,22.1997335705299,45.88871759099238,12.743204665737407
2025-03-13,31.0,32.675,52.631578947368425,28.067363530778167,52.172512888142904,24.1997335705299,44.88871759099238,12.743204665737407
2025-03-14,30.0,31.674999999999997,51.631578947368425,27.067363530778167,51.172512888142904,23.1997335705299,45.88578503967273,13.672383135992364
2025-03-21,29.0,30.674999999999997,53.631578947368425,29.067363530778167,53.172512888142904,25.1997335705299,44.88578503967273,12.672383135992364
2025-03-24,28.0,29.674999999999997,53.631578947368425,31.067363530778167,53.172512888142904,27.1997335705299,45.40176677483255,13.14140968466493
2025-03-25,27.0,28.674999999999997,52.631578947368425,30.067363530778167,52.172512888142904,26.1997335705299,44.40176677483255,14.495840064411766
2025-03-26,26.0,27.674999999999997,54.631578947368425,32.06736353077817,54.172512888142904,28.1997335705299,46.40176677483255,16.495840064411766
2025-03-27,25.0,26.674999999999997,53.631578947368425,31.067363530778167,53.172512888142904,27.1997335705299,45.40176677483255,15.495840064411766
2025-03-28,24.0,25.674999999999997,52.631578947368425,30.067363530778167,55.172512888142904,29.1997335705299,47.40176677483255,17.495840064411766
2025-03-31,23.0,24.674999999999997,51.631578947368425,29.067363530778167,54.172512888142904,28.1997335705299,49.40176677483255,19.495840064411766
2025-04-01,22.0,23.674999999999997,50.631578947368425,28.067363530778167,53.172512888142904,27.1997335705299,48.40176677483255,18.495840064411766
2025-04-02,24.0,25.674999999999997,52.631578947368425,30.067363530778167,55.172512888142904,29.1997335705299,50.40176677483255,20.495840064411766
2025-04-03,23.0,24.674999999999997,54.631578947368425,32.06736353077817,57.172512888142904,31.1997335705299,52.40176677483255,22.495840064411766
2025-04-04,22.0,23.674999999999997,53.631578947368425,31.067363530778167,56.172512888142904,33.1997335705299,52.40176677483255,22.495840064411766
2025-04-07,24.0,22.674999999999997,52.631578947368425,30.067363530778167,58.172512888142904,35.1997335705299,54.40176677483255,24.495840064411766
2025-04-08,23.0,21.674999999999997,51.631578947368425,29.067363530778167,57.172512888142904,34.1997335705299,53.40176677483255,23.495840064411766
2025-04-09,23.0,23.674999999999997,50.631578947368425,28.067363530778167,56.172512888142904,33.1997335705299,52.40176677483255,22.495840064411766
2025-04-10,23.0,22.674999999999997,49.631578947368425,27.067363530778167,55.172512888142904,32.1997335705299,51.40176677483255,21.495840064411766
2025-04-11,22.0,21.674999999999997,48.631578947368425,26.067363530778167,54.172512888142904,31.1997335705299,50.40176677483255,20.495840064411766
2025-04-14,24.0,23.674999999999997,47.631578947368425,25.067363530778167,53.172512888142904,31.603543094339425,50.74813548991635,20.735977285681063
2025-04-15,26.0,22.674999999999997,46.631578947368425,24.067363530778167,52.172512888142904,30.603543094339425,49.74813548991635,19.735977285681063
2025-04-16,25.0,21.674999999999997,45.631578947368425,23.067363530778167,51.172512888142904,29.603543094339425,48.74813548991635,18.735977285681063
2025-04-17,24.0,20.674999999999997,44.631578947368425,22.067363530778167,50.172512888142904,28.603543094339425,47.74813548991635,17.735977285681063
2025-04-21,24.0,22.674999999999997,43.631578947368425,24.067363530778167,49.172512888142904,30.603543094339425,49.74813548991635,19.735977285681063
2025-04-22,23.0,24.674999999999997,45.631578947368425,26.067363530778167,51.172512888142904,32.60354309433943,51.74813548991635,21.735977285681063
2025-04-23,22.0,23.674999999999997,44.631578947368425,25.067363530778167,50.172512888142904,31.60354309433943,51.74813548991635,20.735977285681063
2025-04-24,21.0,25.674999999999997,46.631578947368425,27.067363530778167,52.172512888142904,33.60354309433943,53.74813548991635,22.735977285681063
2025-04-25,20.0,24.674999999999997,45.631578947368425,26.067363530778167,51.172512888142904,32.60354309433943,52.74813548991635,21.735977285681063
2025-04-28,19.0,23.674999999999997,44.631578947368425,25.067363530778167,50.172512888142904,31.60354309433943,51.74813548991635,20.735977285681063
2025-04-29,18.0,25.674999999999997,46.631578947368425,27.067363530778167,52.172512888142904,33.60354309433943,50.74813548991635,19.735977285681063
2025-04-30,20.0,27.674999999999997,45.631578947368425,26.067363530778167,51.172512888142904,32.60354309433943,49.74813548991635,21.735977285681063
2025-05-01,19.0,26.674999999999997,44.631578947368425,25.067363530778167,50.172512888142904,31.60354309433943,48.74813548991635,20.735977285681063
2025-05-02,21.0,25.674999999999997,46.631578947368425,27.067363530778167,52.172512888142904,33.60354309433943,50.74813548991635,22.735977285681063
2025-05-05,20.0,24.674999999999997,45.631578947368425,26.067363530778167,51.172512888142904,32.60354309433943,49.74813548991635,21.735977285681063
2025-05-06,19.0,23.674999999999997,44.631578947368425,25.067363530778167,50.172512888142904,31.60354309433943,48.74813548991635,23.735977285681063
2025-05-07,18.0,22.674999999999997,43.631578947368425,24.067363530778167,50.172512888142904,30.60354309433943,47.74813548991635,22.735977285681063
2025-05-08,20.0,24.674999999999997,45.631578947368425,23.067363530778167,52.172512888142904,29.60354309433943,46.74813548991635,21.735977285681063
2025-05-09,19.0,23.674999999999997,44.631578947368425,22.067363530778167,51.172512888142904,28.60354309433943,48.74813548991635,23.735977285681063
2025-05-12,18.0,22.674999999999997,43.631578947368425,21.067363530778167,50.172512888142904,27.60354309433943,47.74813548991635,22.735977285681063
2025-05-13,20.0,24.674999999999997,45.631578947368425,23.067363530778167,52.172512888142904,29.60354309433943,49.74813548991635,24.735977285681063
2025-05-14,19.0,23.674999999999997,44.631578947368425,22.067363530778167,51.172512888142904,28.60354309433943,49.74813548991635,24.735977285681063
2025-05-15,18.0,22.674999999999997,43.631578947368425,21.067363530778167,50.172512888142904,27.60354309433943,48.74813548991635,26.735977285681063
2025-05-16,17.0,21.674999999999997,42.631578947368425,20.067363530778167,49.172512888142904,26.60354309433943,47.74813548991635,25.735977285681063
2025-05-19,19.0,23.674999999999997,44.631578947368425,22.067363530778167,51.172512888142904,28.60354309433943,49.44554182997399,27.087736079650913
2025-05-20,18.0,22.674999999999997,43.631578947368425,21.067363530778167,50.172512888142904,27.60354309433943,48.44554182997399,26.087736079650913
2025-05-21,20.0,24.674999999999997,45.631578947368425,23.067363530778167,52.172512888142904,29.60354309433943,50.44554182997399,28.087736079650913
2025-05-22,22.0,23.674999999999997,47.631578947368425,22.067363530778167,54.172512888142904,28.60354309433943,49.44554182997399,27.087736079650913
2025-05-23,21.0,22.674999999999997,46.631578947368425,21.067363530778167,53.172512888142904,27.60354309433943,48.44554182997399,26.087736079650913
2025-05-26,20.0,21.674999999999997,45.631578947368425,20.067363530778167,52.172512888142904,26.60354309433943,47.44554182997399,25.087736079650913
2025-05-27,19.0,20.674999999999997,47.631578947368425,22.067363530778167,54.172512888142904,28.60354309433943,49.44554182997399,27.087736079650913
2025-05-28,21.0,19.674999999999997,46.631578947368425,24.067363530778167,56.172512888142904,30.60354309433943,48.44554182997399,26.087736079650913
2025-05-29,23.0,21.674999999999997,48.631578947368425,26.067363530778167,58.172512888142904,32.60354309433943,49.21358306708739,26.427579829650913
2025-05-30,25.0,20.674999999999997,47.631578947368425,25.067363530778167,57.172512888142904,31.60354309433943,48.21358306708739,25.427579829650913
2025-06-02,24.0,19.674999999999997,46.631578947368425,24.067363530778167,56.172512888142904,30.60354309433943,47.21358306708739,24.427579829650913
2025-06-03,23.0,21.674999999999997,45.631578947368425,26.067363530778167,55.172512888142904,32.60354309433943,46.21358306708739,23.427579829650913
2025-06-04,22.0,20.674999999999997,44.631578947368425,25.067363530778167,54.172512888142904,31.60354309433943,45.21358306708739,22.427579829650913
2025-06-05,21.0,19.674999999999997,43.631578947368425,24.067363530778167,53.172512888142904,30.60354309433943,44.21358306708739,21.427579829650913
2025-06-06,20.0,18.674999999999997,42.631578947368425,23.067363530778167,52.172512888142904,29.60354309433943,43.21358306708739,20.427579829650913
2025-06-09,19.0,17.674999999999997,44.631578947368425,25.067363530778167,54.172512888142904,31.60354309433943,45.21358306708739,20.326228478299562
2025-06-10,18.0,16.674999999999997,43.631578947368425,24.067363530778167,53.172512888142904,30.60354309433943,45.21358306708739,20.326228478299562
2025-06-11,17.0,15.674999999999997,42.631578947368425,23.067363530778167,52.172512888142904,29.60354309433943,44.21358306708739,19.326228478299562
2025-06-12,17.0,14.674999999999997,41.631578947368425,22.067363530778167,51.172512888142904,28.60354309433943,46.21358306708739,21.326228478299562
2025-06-13,16.0,13.674999999999997,40.631578947368425,21.067363530778167,50.172512888142904,27.60354309433943,45.21358306708739,20.326228478299562
2025-06-20,15.0,12.674999999999997,39.631578947368425,23.067363530778167,52.172512888142904,29.60354309433943,47.21358306708739,22.326228478299562
2025-06-23,17.0,14.674999999999997,41.631578947368425,25.067363530778167,54.172512888142904,28.60354309433943,46.21358306708739,21.326228478299562
2025-06-24,16.0,13.674999999999997,40.631578947368425,24.067363530778167,53.172512888142904,27.60354309433943,48.21358306708739,23.326228478299562
2025-06-25,15.0,12.674999999999997,39.631578947368425,23.067363530778167,52.172512888142904,26.60354309433943,47.21358306708739,22.326228478299562
2025-06-26,14.0,11.674999999999997,38.631578947368425,22.067363530778167,51.172512888142904,25.60354309433943,49.21358306708739,24.326228478299562
2025-06-27,16.0,13.674999999999997,40.631578947368425,24.067363530778167,53.172512888142904,27.60354309433943,48.21358306708739,23.326228478299562
2025-06-30,15.0,12.674999999999997,39.631578947368425,23.067363530778167,52.172512888142904,26.60354309433943,48.21358306708739,23.326228478299562
2025-07-01,14.0,11.674999999999997,38.631578947368425,22.067363530778167,54.172512888142904,25.60354309433943,47.21358306708739,22.326228478299562
2025-07-02,16.0,13.674999999999997,40.631578947368425,24.067363530778167,56.172512888142904,27.60354309433943,49.21358306708739,24.326228478299562
2025-07-03,18.0,15.674999999999997,42.631578947368425,26.067363530778167,58.172512888142904,29.60354309433943,51.21358306708739,25.065564971190557
2025-07-04,17.0,14.674999999999997,41.631578947368425,25.067363530778167,57.172512888142904,28.60354309433943,50.21358306708739,24.065564971190557
2025-07-07,16.0,13.674999999999997,40.631578947368425,24.067363530778167,56.172512888142904,27.60354309433943,49.21358306708739,23.065564971190557
2025-07-08,15.0,12.674999999999997,39.631578947368425,23.067363530778167,55.172512888142904,26.60354309433943,48.21358306708739,22.065564971190557
2025-07-09,17.0,14.674999999999997,38.631578947368425,22.067363530778167,54.172512888142904,25.60354309433943,47.21358306708739,21.065564971190557
2025-07-10,19.0,16.674999999999997,40.631578947368425,24.067363530778167,56.172512888142904,27.60354309433943,46.21358306708739,20.065564971190557
2025-07-11,18.0,15.674999999999997,39.631578947368425,23.067363530778167,55.172512888142904,26.60354309433943,45.21358306708739,19.065564971190557
2025-07-14,17.0,17.674999999999997,41.631578947368425,25.067363530778167,54.172512888142904,27.433000458680514,46.01211786562219,19.838128148085865
2025-07-15,16.0,16.674999999999997,40.631578947368425,24.067363530778167,53.172512888142904,26.433000458680514,45.01211786562219,18.838128148085865
2025-07-16,18.0,18.674999999999997,42.631578947368425,26.067363530778167,55.172512888142904,28.433000458680514,44.01211786562219,17.838128148085865
2025-07-17,20.0,20.674999999999997,44.631578947368425,28.067363530778167,57.172512888142904,30.433000458680514,46.01211786562219,19.838128148085865
2025-07-18,19.0,19.674999999999997,44.631578947368425,27.067363530778167,57.172512888142904,29.433000458680514,48.01211786562219,21.838128148085865
2025-07-21,21.0,21.674999999999997,46.631578947368425,29.067363530778167,57.07625620365093,29.07315197383203,47.2780753124307,21.08980600043486
2025-07-22,23.0,23.674999999999997,48.631578947368425,31.067363530778167,59.07625620365093,31.07315197383203,46.2780753124307,21.08980600043486
2025-07-23,22.0,22.674999999999997,47.631578947368425,30.067363530778167,58.07625620365093,30.07315197383203,45.2780753124307,20.08980600043486
2025-07-24,21.0,21.674999999999997,46.631578947368425,29.067363530778167,57.07625620365093,29.07315197383203,44.2780753124307,19.08980600043486
2025-07-25,20.0,20.674999999999997,48.631578947368425,31.067363530778167,59.07625620365093,31.07315197383203,44.6522688608178,19.42942864194429
2025-07-28,19.0,19.674999999999997,47.631578947368425,30.067363530778167,58.07625620365093,30.07315197383203,43.6522688608178,18.42942864194429
2025-07-29,18.0,18.674999999999997,49.631578947368425,32.06736353077817,60.07625620365093,32.073151973832026,45.6522688608178,20.42942864194429
2025-07-30,17.0,17.674999999999997,48.631578947368425,31.067363530778167,59.07625620365093,31.073151973832026,44.6522688608178,19.42942864194429
2025-07-31,16.0,16.674999999999997,47.631578947368425,30.067363530778167,58.07625620365093,30.073151973832026,46.6522688608178,21.42942864194429
2025-08-01,18.0,18.674999999999997,49.631578947368425,32.06736353077817,57.07625620365093,29.073151973832026,45.6522688608178,20.42942864194429
2025-08-04,20.0,20.674999999999997,51.631578947368425,34.06736353077817,59.07625620365093,30.258205354614944,46.107890162592945,20.86802513317236
2025-08-05,19.0,19.674999999999997,50.631578947368425,33.06736353077817,58.07625620365093,29.258205354614944,48.107890162592945,22.86802513317236
2025-08-06,18.0,18.674999999999997,49.631578947368425,32.06736353077817,57.07625620365093,28.258205354614944,47.107890162592945,21.86802513317236
2025-08-07,17.0,17.674999999999997,48.631578947368425,31.067363530778167,56.07625620365093,27.258205354614944,46.107890162592945,23.86802513317236
2025-08-08,19.0,19.674999999999997,50.631578947368425,33.06736353077817,58.07625620365093,28.807754904164494,47.19612545671059,24.913292622884292
2025-08-11,21.0,21.674999999999997,52.631578947368425,35.06736353077817,60.07625620365093,30.807754904164494,46.19612545671059,23.913292622884292
2025-08-12,20.0,20.674999999999997,51.631578947368425,34.06736353077817,59.07625620365093,29.807754904164494,45.19612545671059,22.913292622884292
2025-08-13,19.0,22.674999999999997,50.631578947368425,36.06736353077817,58.07625620365093,31.807754904164494,47.19612545671059,24.913292622884292
2025-08-14,21.0,24.674999999999997,52.631578947368425,38.06736353077817,57.07625620365093,30.807754904164494,46.19612545671059,23.913292622884292
2025-08-15,23.0,23.674999999999997,54.631578947368425,37.06736353077817,56.07625620365093,29.807754904164494,45.19612545671059,23.913292622884292
2025-08-18,22.0,22.674999999999997,53.631578947368425,36.06736353077817,55.07625620365093,28.807754904164494,44.19612545671059,22.913292622884292
2025-08-19,21.0,21.674999999999997,52.631578947368425,35.06736353077817,54.07625620365093,27.807754904164494,46.19612545671059,24.913292622884292
2025-08-20,23.0,23.674999999999997,54.631578947368425,37.06736353077817,56.07625620365093,29.807754904164494,45.19612545671059,23.913292622884292
2025-08-21,22.0,22.674999999999997,53.631578947368425,36.06736353077817,55.07625620365093,28.807754904164494,44.19612545671059,22.913292622884292
2025-08-22,24.0,21.674999999999997,52.631578947368425,35.06736353077817,54.07625620365093,27.807754904164494,44.19612545671059,23.515751639277735
2025-08-25,26.0,23.674999999999997,54.631578947368425,37.06736353077817,56.07625620365093,29.807754904164494,46.19612545671059,25.515751639277735
2025-08-26,25.0,22.674999999999997,53.631578947368425,36.06736353077817,55.07625620365093,28.807754904164494,47.69885769714775,26.99142731495341
2025-08-27,25.0,21.674999999999997,52.631578947368425,35.06736353077817,54.07625620365093,27.807754904164494,49.69885769714775,28.99142731495341
2025-08-28,24.0,20.674999999999997,51.631578947368425,34.06736353077817,53.07625620365093,26.807754904164494,49.96278731591608,29.185333132127923
2025-08-29,26.0,22.674999999999997,53.631578947368425,36.06736353077817,55.07625620365093,28.807754904164494,50.3882531544254,29.467456037155856
2025-09-01,27.5,24.103571428571424,54.93713450292398,37.091753774680605,56.00218212957685,29.621708392536586,50.689224028211804,29.74364651334633
2025-09-02,29.5,26.103571428571424,53.93713450292398,36.091753774680605,55.00218212957685,28.621708392536586,49.689224028211804,28.74364651334633
2025-09-03,28.5,25.103571428571424,52.93713450292398,35.091753774680605,54.00218212957685,27.621708392536586,48.689224028211804,27.74364651334633
2025-09-04,27.5,24.103571428571424,51.93713450292398,34.091753774680605,53.00218212957685,26.621708392536586,47.689224028211804,26.74364651334633
2025-09-05,26.5,23.103571428571424,53.93713450292398,36.091753774680605,55.00218212957685,28.621708392536586,49.689224028211804,28.74364651334633
2025-09-08,28.5,25.103571428571424,52.93713450292398,35.091753774680605,54.00218212957685,27.621708392536586,48.689224028211804,27.74364651334633
2025-09-09,27.5,24.103571428571424,51.93713450292398,34.091753774680605,53.00218212957685,26.621708392536586,48.689224028211804,26.74364651334633
2025-09-10,26.5,23.103571428571424,50.93713450292398,33.091753774680605,52.00218212957685,25.621708392536586,48.689224028211804,26.74364651334633
2025-09-11,28.5,22.103571428571424,49.93713450292398,32.091753774680605,51.00218212957685,24.621708392536586,47.689224028211804,25.74364651334633
2025-09-12,27.5,21.103571428571424,51.93713450292398,34.091753774680605,53.00218212957685,26.621708392536586,49.689224028211804,27.74364651334633
2025-09-19,26.5,20.103571428571424,50.93713450292398,33.091753774680605,52.00218212957685,25.621708392536586,48.689224028211804,26.74364651334633
2025-09-22,25.5,22.103571428571424,52.93713450292398,35.091753774680605,54.00218212957685,27.621708392536586,50.689224028211804,28.74364651334633
2025-09-23,27.5,24.103571428571424,54.93713450292398,37.091753774680605,56.00218212957685,29.621708392536586,49.689224028211804,28.74364651334633
2025-09-24,29.5,26.103571428571424,56.93713450292398,39.091753774680605,58.00218212957685,31.621708392536586,51.689224028211804,30.74364651334633
2025-09-25,31.5,28.103571428571424,55.93713450292398,38.091753774680605,57.00218212957685,30.621708392536586,50.689224028211804,29.74364651334633
2025-09-26,30.5,27.103571428571424,54.93713450292398,37.091753774680605,56.00218212957685,29.621708392536586,49.689224028211804,28.74364651334633
2025-09-29,29.5,29.103571428571424,56.93713450292398,39.091753774680605,55.00218212957685,28.621708392536586,48.689224028211804,27.74364651334633
2025-09-30,28.5,28.103571428571424,55.93713450292398,38.091753774680605,54.00218212957685,27.621708392536586,47.689224028211804,26.74364651334633
2025-10-01,27.5,27.103571428571424,54.93713450292398,37.091753774680605,53.00218212957685,26.621708392536586,49.689224028211804,28.74364651334633
2025-10-02,29.5,29.103571428571424,53.93713450292398,36.091753774680605,52.00218212957685,25.621708392536586,48.689224028211804,27.74364651334633
2025-10-03,28.5,28.103571428571424,52.93713450292398,35.091753774680605,51.00218212957685,24.621708392536586,47.689224028211804,26.74364651334633
2025-10-06,27.5,27.103571428571424,51.93713450292398,34.091753774680605,50.00218212957685,24.621708392536586,46.689224028211804,26.74364651334633
2025-10-07,26.5,26.103571428571424,50.93713450292398,36.091753774680605,49.00218212957685,26.621708392536586,45.689224028211804,28.74364651334633
2025-10-08,28.5,28.103571428571424,52.93713450292398,38.091753774680605,51.00218212957685,28.621708392536586,47.689224028211804,30.74364651334633
2025-10-09,30.5,27.103571428571424,51.93713450292398,37.091753774680605,50.00218212957685,30.621708392536586,49.689224028211804,29.74364651334633
2025-10-10,29.5,26.103571428571424,50.93713450292398,36.091753774680605,49.00218212957685,29.621708392536586,49.689224028211804,31.74364651334633
2025-10-13,28.5,25.103571428571424,49.93713450292398,35.091753774680605,48.00218212957685,28.621708392536586,48.689224028211804,30.74364651334633
2025-10-14,30.5,27.103571428571424,48.93713450292398,34.091753774680605,47.00218212957685,30.621708392536586,50.689224028211804,32.743646513346334
2025-10-15,32.5,26.103571428571424,47.93713450292398,33.091753774680605,46.00218212957685,29.621708392536586,49.689224028211804,31.743646513346334
2025-10-16,31.5,25.103571428571424,46.93713450292398,32.091753774680605,45.00218212957685,28.621708392536586,48.689224028211804,30.743646513346334
2025-10-17,30.5,24.103571428571424,45.93713450292398,31.091753774680605,44.00218212957685,27.621708392536586,47.689224028211804,29.743646513346334
2025-10-20,32.5,26.103571428571424,47.93713450292398,33.091753774680605,46.00218212957685,29.621708392536586,48.66512764266964,30.643260412960235
2025-10-21,32.5,25.103571428571424,47.93713450292398,32.091753774680605,45.00218212957685,28.621708392536586,47.66512764266964,29.643260412960235
2025-10-22,31.5,24.103571428571424,46.93713450292398,31.091753774680605,44.00218212957685,27.621708392536586,49.66512764266964,31.643260412960235
2025-10-23,33.5,26.103571428571424,48.93713450292398,33.091753774680605,46.00218212957685,29.621708392536586,50.468995045984556,32.375355903676414
2025-10-24,32.5,25.103571428571424,47.93713450292398,32.091753774680605,45.00218212957685,28.621708392536586,50.468995045984556,32.375355903676414
2025-10-27,31.5,24.103571428571424,46.93713450292398,31.091753774680605,44.00218212957685,27.621708392536586,49.468995045984556,31.375355903676414
2025-10-28,31.5,23.103571428571424,45.93713450292398,30.091753774680605,43.00218212957685,26.621708392536586,48.468995045984556,30.375355903676414
2025-10-29,30.5,22.103571428571424,44.93713450292398,29.091753774680605,42.00218212957685,25.621708392536586,47.468995045984556,29.375355903676414
2025-10-30,32.5,21.103571428571424,43.93713450292398,28.091753774680605,41.00218212957685,24.621708392536586,46.468995045984556,28.375355903676414
2025-10-31,34.5,20.103571428571424,45.93713450292398,27.091753774680605,40.00218212957685,23.621708392536586,45.468995045984556,27.375355903676414
2025-11-03,36.5,22.103571428571424,47.93713450292398,29.091753774680605,42.00218212957685,25.621708392536586,45.595274909465786,27.43644915126484
2025-11-04,38.5,24.103571428571424,49.93713450292398,31.091753774680605,41.00218212957685,24.621708392536586,44.595274909465786,26.43644915126484
2025-11-05,37.5,23.103571428571424,51.93713450292398,33.091753774680605,43.00218212957685,26.621708392536586,45.0903488010914,26.750301965117654
2025-11-06,36.5,22.103571428571424,50.93713450292398,32.091753774680605,45.00218212957685,28.621708392536586,47.0903488010914,28.750301965117654
2025-11-07,38.5,24.103571428571424,49.93713450292398,31.091753774680605,44.00218212957685,27.621708392536586,46.0903488010914,27.750301965117654
2025-11-10,40.5,23.103571428571424,48.93713450292398,30.091753774680605,43.00218212957685,26.621708392536586,45.0903488010914,26.750301965117654
2025-11-11,40.5,22.103571428571424,47.93713450292398,29.091753774680605,42.00218212957685,25.621708392536586,44.0903488010914,25.750301965117654
2025-11-12,42.5,24.103571428571424,49.93713450292398,31.091753774680605,44.00218212957685,25.364502184110865,43.508157020269486,25.09045066400241
2025-11-13,44.5,23.103571428571424,48.93713450292398,30.091753774680605,43.00218212957685,26.590737925555732,45.508157020269486,26.330835279387028
2025-11-14,46.5,25.103571428571424,50.93713450292398,32.091753774680605,45.00218212957685,28.590737925555732,46.294804335218686,26.994348792900542
2025-11-17,48.5,24.103571428571424,49.93713450292398,31.091753774680605,44.00218212957685,27.590737925555732,45.294804335218686,25.994348792900542
2025-11-18,50.5,26.103571428571424,51.93713450292398,33.091753774680605,46.00218212957685,29.590737925555732,44.294804335218686,24.994348792900542
2025-11-19,49.5,25.103571428571424,53.93713450292398,35.091753774680605,48.00218212957685,31.590737925555732,43.294804335218686,23.994348792900542
2025-11-20,48.5,24.103571428571424,52.93713450292398,34.091753774680605,47.00218212957685,30.590737925555732,42.294804335218686,22.994348792900542
2025-11-21,47.5,23.103571428571424,51.93713450292398,33.091753774680605,46.00218212957685,29.590737925555732,41.294804335218686,21.994348792900542
2025-11-24,46.5,22.103571428571424,53.93713450292398,35.091753774680605,48.00218212957685,31.590737925555732,43.294804335218686,23.994348792900542
2025-11-25,48.5,24.103571428571424,55.93713450292398,37.091753774680605,47.00218212957685,30.590737925555732,44.70373290664726,23.994348792900542
2025-11-26,47.5,23.103571428571424,54.93713450292398,36.091753774680605,46.00218212957685,29.590737925555732,43.70373290664726,22.994348792900542
2025-11-27,47.5,23.03380398671096,53.93713450292398,35.091753774680605,45.00218212957685,29.590737925555732,42.70373290664726,22.994348792900542
2025-11-28,46.5,22.03380398671096,52.93713450292398,34.091753774680605,44.00218212957685,28.590737925555732,41.70373290664726,21.994348792900542
2025-12-01,45.5,21.03380398671096,51.93713450292398,33.091753774680605,46.00218212957685,30.590737925555732,40.70373290664726,20.994348792900542
2025-12-02,47.5,23.03380398671096,50.93713450292398,32.091753774680605,45.00218212957685,29.590737925555732,39.70373290664726,19.994348792900542
2025-12-03,46.5,22.03380398671096,49.93713450292398,31.091753774680605,44.00218212957685,28.590737925555732,41.70373290664726,21.538466439959365
2025-12-04,45.5,21.03380398671096,48.93713450292398,30.091753774680605,43.00218212957685,27.590737925555732,40.70373290664726,20.538466439959365
2025-12-05,44.5,20.03380398671096,47.93713450292398,29.091753774680605,42.00218212957685,26.590737925555732,39.70373290664726,19.538466439959365
2025-12-08,43.5,22.03380398671096,46.93713450292398,31.091753774680605,44.00218212957685,28.590737925555732,41.70373290664726,21.538466439959365
2025-12-09,42.5,21.03380398671096,45.93713450292398,31.65868290853887,45.07207460269513,29.188248298999717,42.77362537976554,22.13597681340335
2025-12-10,41.5,20.03380398671096,44.93713450292398,30.65868290853887,44.07207460269513,28.188248298999717,41.77362537976554,21.13597681340335
2025-12-11,43.5,22.03380398671096,46.93713450292398,32.65868290853887,46.07207460269513,30.188248298999717,40.77362537976554,21.13597681340335
2025-12-12,42.5,21.03380398671096,45.93713450292398,31.65868290853887,45.07207460269513,29.188248298999717,42.77362537976554,23.13597681340335
2025-12-19,44.5,23.03380398671096,47.93713450292398,33.65868290853887,45.40973694035747,29.315162959831227,41.77362537976554,22.13597681340335
2025-12-22,43.5,22.03380398671096,46.93713450292398,33.434682908538875,45.13554339197037,28.933719660862156,41.499431831378445,21.75453351443428
2025-12-23,42.5,21.03380398671096,45.93713450292398,32.434682908538875,44.13554339197037,27.933719660862156,40.499431831378445,20.75453351443428
2025-12-24,41.5,20.03380398671096,44.93713450292398,31.434682908538875,43.13554339197037,26.933719660862156,39.499431831378445,19.75453351443428
2025-12-26,40.5,19.03380398671096,43.93713450292398,30.434682908538875,42.13554339197037,25.933719660862156,38.499431831378445,18.75453351443428
2025-12-29,42.5,21.03380398671096,42.93713450292398,30.434682908538875,41.13554339197037,25.933719660862156,37.499431831378445,18.75453351443428
2025-12-30,41.5,20.03380398671096,41.93713450292398,29.434682908538875,40.13554339197037,24.933719660862156,36.499431831378445,17.75453351443428
2025-12-31,43.5,22.03380398671096,43.93713450292398,31.434682908538875,42.13554339197037,26.933719660862156,38.499431831378445,19.440880377902914
2026-01-02,42.5,21.03380398671096,42.93713450292398,30.434682908538875,41.13554339197037,25.933719660862156,40.499431831378445,21.440880377902914
2026-01-05,41.5,20.03380398671096,41.93713450292398,29.434682908538875,40.13554339197037,24.933719660862156,39.499431831378445,20.440880377902914
2026-01-06,41.5,19.03380398671096,43.93713450292398,28.434682908538875,42.13554339197037,26.933719660862156,38.499431831378445,19.440880377902914
2026-01-07,43.5,21.03380398671096,45.93713450292398,30.434682908538875,41.13554339197037,25.933719660862156,37.499431831378445,18.440880377902914
2026-01-08,45.5,23.03380398671096,45.85413055035481,30.01036529067287,40.13554339197037,24.933719660862156,36.499431831378445,17.440880377902914
2026-01-09,47.5,22.03380398671096,44.85413055035481,29.01036529067287,39.13554339197037,23.933719660862156,35.499431831378445,16.440880377902914
2026-01-12,49.5,24.03380398671096,45.71323707956443,29.542943194355587,39.936890193317176,24.475506404378006,35.800536803754134,16.648572685595223
2026-01-13,48.5,23.03380398671096,44.71323707956443,28.542943194355587,41.936890193317176,23.475506404378006,37.800536803754134,15.648572685595223
2026-01-14,47.5,25.03380398671096,46.71323707956443,30.542943194355587,43.936890193317176,25.475506404378006,36.800536803754134,14.648572685595223
2026-01-15,46.5,24.03380398671096,45.71323707956443,29.542943194355587,42.936890193317176,24.475506404378006,35.800536803754134,13.648572685595223
2026-01-16,48.5,26.03380398671096,47.71323707956443,31.542943194355587,44.936890193317176,26.475506404378006,36.31265801587535,13.997221334243871
2026-01-19,47.5,25.03380398671096,46.71323707956443,30.542943194355587,43.936890193317176,25.475506404378006,38.31265801587535,15.997221334243871
2026-01-20,46.5,24.03380398671096,45.71323707956443,29.542943194355587,42.936890193317176,24.475506404378006,37.31265801587535,14.997221334243871
2026-01-21,45.5,23.03380398671096,47.71323707956443,28.542943194355587,44.936890193317176,26.475506404378006,36.31265801587535,13.997221334243871
2026-01-22,47.5,25.03380398671096,46.71323707956443,27.542943194355587,43.936890193317176,25.475506404378006,35.31265801587535,12.997221334243871
2026-01-23,46.5,24.03380398671096,48.71323707956443,29.542943194355587,45.936890193317176,27.475506404378006,37.31265801587535,14.997221334243871
2026-01-26,48.5,26.03380398671096,50.71323707956443,29.946716779261248,46.213312957544815,27.716613123745596,37.188496942049845,14.841881528418629
2026-01-27,47.5,25.03380398671096,52.71323707956443,30.7006850332295,48.213312957544815,28.47058137771385,37.39058753438434,14.9620113985485
2026-01-28,46.5,24.03380398671096,51.71323707956443,29.7006850332295,47.213312957544815,30.47058137771385,39.39058753438434,16.962011398548498
2026-01-29,48.5,26.03380398671096,53.71323707956443,31.7006850332295,49.213312957544815,32.47058137771385,41.39058753438434,15.962011398548498
2026-01-30,47.5,25.03380398671096,52.71323707956443,30.7006850332295,48.213312957544815,31.47058137771385,40.39058753438434,14.962011398548498
2026-02-02,49.5,27.03380398671096,54.71323707956443,32.700685033229504,50.213312957544815,33.47058137771385,40.830741974538775,15.250439723246252
2026-02-03,51.5,29.03380398671096,56.71323707956443,34.700685033229504,52.213312957544815,35.47058137771385,42.830741974538775,17.250439723246252
2026-02-04,53.5,31.03380398671096,58.71323707956443,36.700685033229504,54.213312957544815,37.47058137771385,41.830741974538775,16.250439723246252
2026-02-05,52.5,30.03380398671096,57.71323707956443,35.700685033229504,53.213312957544815,36.47058137771385,40.830741974538775,15.250439723246252
2026-02-06,51.5,29.03380398671096,56.71323707956443,34.700685033229504,52.213312957544815,35.47058137771385,41.980653791117255,16.363091369693393
2026-02-09,53.5,31.03380398671096,58.71323707956443,36.700685033229504,54.213312957544815,37.47058137771385,43.980653791117255,17.495764637020127
2026-02-10,55.5,30.03380398671096,57.71323707956443,35.700685033229504,53.213312957544815,36.47058137771385,42.980653791117255,16.495764637020127
2026-02-11,54.5,29.03380398671096,59.71323707956443,37.700685033229504,55.213312957544815,38.47058137771385,44.980653791117255,18.495764637020127
2026-02-12,53.5,31.03380398671096,61.71323707956443,39.700685033229504,57.213312957544815,40.47058137771385,46.980653791117255,20.495764637020127
2026-02-13,55.5,30.03380398671096,60.71323707956443,38.700685033229504,56.213312957544815,39.47058137771385,46.63563534093275,20.079646215967497
2026-02-16,57.5,29.03380398671096,59.71323707956443,37.700685033229504,55.213312957544815,38.47058137771385,45.63563534093275,19.079646215967497
2026-02-17,56.5,28.03380398671096,58.71323707956443,36.700685033229504,54.213312957544815,37.47058137771385,44.63563534093275,18.079646215967497
2026-02-18,56.5,27.03380398671096,57.71323707956443,35.700685033229504,53.213312957544815,36.47058137771385,44.62595011090854,17.97265931640418
2026-02-19,55.5,26.03380398671096,56.71323707956443,34.700685033229504,52.213312957544815,35.47058137771385,43.62595011090854,16.97265931640418
2026-02-20,57.5,28.03380398671096,58.71323707956443,35.66209442920266,53.152539476881834,36.37474050972108,44.4675871215847,17.02663080316589
2026-02-23,56.5,30.03380398671096,60.71323707956443,37.66209442920266,52.152539476881834,35.37474050972108,46.4675871215847,17.884137164489044
2026-02-24,55.5,32.033803986710964,62.71323707956443,39.66209442920266,53.24198901816624,36.28459375919697,46.96203156602915,18.29744714697591
2026-02-25,57.5,34.033803986710964,64.71323707956444,41.66209442920266,54.9655662539386,37.37182117352719,47.30818541218299,18.29744714697591
2026-02-26,59.5,36.033803986710964,66.71323707956444,43.66209442920266,56.9655662539386,39.37182117352719,49.30818541218299,20.29744714697591
2026-02-27,58.5,35.033803986710964,65.71323707956444,42.66209442920266,58.30787394624629,40.2990363634006,50.04635575918615,20.952101801630562
2026-03-02,60.5,36.33576477102469,66.6828799367073,43.55079305933965,59.27751680338915,41.18773499353759,50.87770158542124,21.60340748519431
2026-03-03,59.5,35.33576477102469,65.6828799367073,42.55079305933965,58.27751680338915,40.18773499353759,49.87770158542124,20.60340748519431
2026-03-04,58.5,34.33576477102469,64.6828799367073,41.55079305933965,57.27751680338915,39.18773499353759,48.87770158542124,19.60340748519431
2026-03-05,57.5,33.33576477102469,63.682879936707295,40.55079305933965,56.27751680338915,38.18773499353759,47.87770158542124,18.60340748519431
2026-03-06,56.5,32.33576477102469,62.682879936707295,39.55079305933965,55.27751680338915,37.18773499353759,46.87770158542124,17.60340748519431
2026-03-09,58.5,31.335764771024692,61.682879936707295,38.55079305933965,54.27751680338915,36.18773499353759,48.87770158542124,19.60340748519431
2026-03-10,60.5,30.335764771024692,63.682879936707295,37.55079305933965,53.27751680338915,35.18773499353759,47.87770158542124,18.60340748519431
2026-03-11,59.5,29.335764771024692,62.682879936707295,36.55079305933965,52.27751680338915,34.18773499353759,46.87770158542124,17.60340748519431
2026-03-12,58.5,31.335764771024692,64.6828799367073,38.55079305933965,54.27751680338915,36.18773499353759,45.87770158542124,16.60340748519431
2026-03-13,57.5,30.335764771024692,66.6828799367073,37.55079305933965,53.27751680338915,35.18773499353759,47.87770158542124,18.60340748519431
2026-03-20,56.5,32.33576477102469,68.6828799367073,39.55079305933965,55.27751680338915,37.18773499353759,49.87770158542124,20.60340748519431
2026-03-23,55.5,31.335764771024692,67.6828799367073,38.55079305933965,54.27751680338915,36.18773499353759,48.87770158542124,19.60340748519431
2026-03-24,54.5,30.335764771024692,66.6828799367073,37.55079305933965,53.27751680338915,35.18773499353759,47.87770158542124,18.60340748519431
2026-03-25,53.5,29.335764771024692,65.6828799367073,36.55079305933965,52.27751680338915,34.18773499353759,46.87770158542124,17.60340748519431
2026-03-26,52.5,28.335764771024692,64.6828799367073,35.55079305933965,51.27751680338915,33.18773499353759,45.87770158542124,17.60340748519431
2026-03-27,51.5,27.335764771024692,63.682879936707295,34.55079305933965,50.27751680338915,32.18773499353759,44.87770158542124,16.60340748519431
2026-03-30,53.5,29.335764771024692,65.6828799367073,36.55079305933965,52.27751680338915,34.18773499353759,43.87770158542124,15.60340748519431
2026-03-31,52.5,28.335764771024692,64.6828799367073,35.55079305933965,54.27751680338915,36.18773499353759,42.87770158542124,14.60340748519431
2026-04-01,51.5,27.335764771024692,66.6828799367073,35.52719423928065,56.27751680338915,36.16413617347859,44.87770158542124,14.579808665135314
2026-04-02,53.5,26.335764771024692,65.6828799367073,37.52719423928065,58.27751680338915,38.16413617347859,46.87770158542124,16.579808665135314
2026-04-06,52.5,25.335764771024692,64.6828799367073,36.52719423928065,57.27751680338915,37.16413617347859,45.87770158542124,16.579808665135314
2026-04-07,54.5,27.335764771024692,66.6828799367073,38.52719423928065,59.27751680338915,39.16413617347859,44.87770158542124,15.579808665135314
2026-04-08,56.5,29.335764771024692,68.6828799367073,40.52719423928065,61.27751680338915,39.202259340634015,44.693209606811614,15.38668697201362
2026-04-09,55.5,28.335764771024692,67.6828799367073,39.52719423928065,60.27751680338915,38.202259340634015,43.693209606811614,14.38668697201362
2026-04-10,54.5,27.335764771024692,66.6828799367073,38.52719423928065,59.27751680338915,37.202259340634015,42.693209606811614,13.38668697201362
2026-04-13,53.5,26.335764771024692,65.6828799367073,37.52719423928065,58.27751680338915,36.202259340634015,44.693209606811614,15.38668697201362
2026-04-14,55.5,28.335764771024692,67.6828799367073,39.52719423928065,60.27751680338915,38.202259340634015,46.693209606811614,17.38668697201362
2026-04-15,54.5,27.335764771024692,66.6828799367073,38.52719423928065,62.27751680338915,40.202259340634015,48.693209606811614,19.38668697201362
2026-04-16,56.5,29.335764771024692,65.6828799367073,37.52719423928065,61.27751680338915,39.202259340634015,47.693209606811614,18.38668697201362
2026-04-17,55.5,28.335764771024692,64.6828799367073,36.52719423928065,60.27751680338915,38.202259340634015,49.693209606811614,20.38668697201362
2026-04-20,54.5,27.335764771024692,63.682879936707295,35.52719423928065,59.27751680338915,37.202259340634015,51.693209606811614,22.38668697201362
2026-04-21,53.5,26.335764771024692,62.682879936707295,34.52719423928065,58.27751680338915,36.202259340634015,50.693209606811614,21.38668697201362
2026-04-22,52.5,25.335764771024692,61.682879936707295,33.52719423928065,57.27751680338915,35.202259340634015,52.693209606811614,23.38668697201362
2026-04-23,54.5,27.335764771024692,60.682879936707295,32.52719423928065,56.27751680338915,34.202259340634015,51.693209606811614,22.38668697201362
2026-04-24,53.5,26.335764771024692,59.682879936707295,31.527194239280647,55.27751680338915,33.202259340634015,50.693209606811614,21.38668697201362
2026-04-27,52.5,25.335764771024692,58.682879936707295,30.527194239280647,54.27751680338915,32.202259340634015,50.693209606811614,21.38668697201362
2026-04-28,51.5,24.335764771024692,57.682879936707295,29.527194239280647,53.27751680338915,31.202259340634015,49.693209606811614,20.38668697201362
2026-04-29,50.5,23.335764771024692,59.682879936707295,28.527194239280647,55.27751680338915,30.202259340634015,48.693209606811614,19.38668697201362
2026-04-30,52.5,25.335764771024692,58.682879936707295,27.527194239280647,54.27751680338915,29.202259340634015,47.693209606811614,18.38668697201362
2026-05-01,54.5,26.151240961500882,59.51462596845332,27.98795373295153,54.75529458116692,29.490394933854354,47.329906854518036,17.97283562066227
2026-05-04,53.5,25.151240961500882,58.51462596845332,26.98795373295153,53.75529458116692,28.490394933854354,46.329906854518036,16.97283562066227
2026-05-05,55.5,27.151240961500882,60.51462596845332,27.98795373295153,54.680073342228866,29.089659639736706,46.66912946935903,17.107566159584426
2026-05-06,54.5,26.151240961500882,59.51462596845332,26.98795373295153,53.680073342228866,28.089659639736706,48.66912946935903,19.107566159584426
2026-05-07,53.5,25.151240961500882,58.51462596845332,25.98795373295153,52.680073342228866,27.089659639736706,50.66912946935903,21.107566159584426
2026-05-08,55.5,27.151240961500882,60.51462596845332,27.98795373295153,54.680073342228866,29.089659639736706,52.5213561900068,22.692887260501855
2026-05-11,54.5,26.151240961500882,59.51462596845332,26.98795373295153,53.680073342228866,28.089659639736706,51.5213561900068,21.692887260501855
2026-05-12,53.5,25.151240961500882,58.51462596845332,25.98795373295153,52.680073342228866,27.089659639736706,50.5213561900068,20.692887260501855
2026-05-13,55.5,24.151240961500882,57.51462596845332,24.98795373295153,51.680073342228866,26.089659639736706,52.5213561900068,22.692887260501855
2026-05-14,57.5,26.151240961500882,56.51462596845332,23.98795373295153,50.680073342228866,25.089659639736706,52.5387097691825,22.699325028742198
2026-05-15,56.5,25.151240961500882,55.51462596845332,22.98795373295153,49.680073342228866,24.089659639736706,51.93722462066765,22.063578422407357
2026-05-18,58.5,27.151240961500882,54.51462596845332,21.98795373295153,48.680073342228866,23.089659639736706,50.93722462066765,24.063578422407357
2026-05-19,57.5,26.151240961500882,53.51462596845332,20.98795373295153,47.680073342228866,22.089659639736706,49.93722462066765,23.063578422407357
2026-05-20,56.5,25.151240961500882,52.51462596845332,19.98795373295153,46.680073342228866,21.089659639736706,48.93722462066765,24.906471190487157
2026-05-21,55.5,24.151240961500882,51.51462596845332,18.98795373295153,45.680073342228866,20.089659639736706,47.93722462066765,23.906471190487157
2026-05-22,54.5,23.151240961500882,50.51462596845332,17.98795373295153,44.680073342228866,19.089659639736706,46.93722462066765,22.906471190487157
2026-05-25,56.5,25.151240961500882,49.51462596845332,16.98795373295153,43.680073342228866,18.089659639736706,45.93722462066765,21.906471190487157
2026-05-26,55.5,27.151240961500882,51.51462596845332,18.421799886797686,45.680073342228866,19.550474686758648,44.93722462066765,20.906471190487157
2026-05-27,57.5,29.151240961500882,53.51462596845332,18.225513414649146,44.680073342228866,18.550474686758648,43.93722462066765,19.906471190487157
2026-05-28,56.5,28.151240961500882,52.51462596845332,17.225513414649146,43.680073342228866,17.550474686758648,45.93722462066765,21.361979665063426
2026-05-29,55.5,30.151240961500882,54.51462596845332,16.225513414649146,42.680073342228866,16.550474686758648,44.93722462066765,20.361979665063426
2026-06-01,54.5,29.151240961500882,53.51462596845332,15.225513414649146,41.680073342228866,15.550474686758648,43.93722462066765,19.361979665063426
2026-06-02,53.5,28.151240961500882,52.51462596845332,14.225513414649146,43.680073342228866,17.219244402846975,45.08444684288987,20.47978788424151
2026-06-03,55.5,30.151240961500882,54.51462596845332,13.225513414649146,42.680073342228866,16.219244402846975,45.08444684288987,20.47978788424151
2026-06-04,54.5,29.151240961500882,53.51462596845332,12.225513414649146,41.680073342228866,15.219244402846975,44.08444684288987,19.47978788424151
2026-06-05,56.5,31.151240961500882,55.51462596845332,14.225513414649146,43.680073342228866,17.219244402846975,43.08444684288987,21.47978788424151
2026-06-08,55.5,30.151240961500882,54.51462596845332,13.225513414649146,42.680073342228866,16.219244402846975,42.08444684288987,20.47978788424151
2026-06-09,54.5,29.151240961500882,53.51462596845332,12.225513414649146,41.680073342228866,15.219244402846975,44.08444684288987,22.47978788424151
2026-06-10,53.5,28.151240961500882,52.51462596845332,11.225513414649146,40.680073342228866,14.219244402846975,43.08444684288987,21.47978788424151
2026-06-11,52.5,27.151240961500882,51.51462596845332,13.225513414649146,39.680073342228866,16.219244402846975,42.08444684288987,20.47978788424151
2026-06-19,51.5,26.151240961500882,50.51462596845332,12.225513414649146,38.680073342228866,15.219244402846975,41.08444684288987,19.47978788424151
2026-06-22,50.5,25.151240961500882,49.51462596845332,11.225513414649146,37.680073342228866,14.219244402846975,40.08444684288987,18.47978788424151
2026-06-23,49.5,27.151240961500882,51.51462596845332,13.225513414649146,39.680073342228866,13.219244402846975,39.08444684288987,17.47978788424151
2026-06-24,48.5,26.151240961500882,50.51462596845332,12.225513414649146,38.680073342228866,12.219244402846975,38.08444684288987,16.47978788424151
2026-06-25,50.5,28.151240961500882,52.51462596845332,14.225513414649146,38.68228084774763,12.059207400071767,38.08444684288987,16.47978788424151
2026-06-26,52.5,30.151240961500882,54.51462596845332,16.225513414649146,40.68228084774763,14.059207400071767,37.08444684288987,15.47978788424151
2026-06-29,51.5,29.151240961500882,53.51462596845332,15.225513414649146,39.68228084774763,13.059207400071767,39.08444684288987,14.47978788424151
2026-06-30,53.5,31.151240961500882,55.51462596845332,17.225513414649146,41.68228084774763,15.059207400071767,40.00948432414924,15.250822367000131
2026-07-01,52.5,30.151240961500882,54.51462596845332,16.225513414649146,40.68228084774763,14.059207400071767,39.00948432414924,14.250822367000131
2026-07-02,51.5,29.151240961500882,53.51462596845332,15.225513414649146,39.68228084774763,13.059207400071767,38.00948432414924,13.250822367000131
2026-07-03,50.5,28.151240961500882,52.51462596845332,14.225513414649146,38.68228084774763,12.059207400071767,37.00948432414924,12.250822367000131
2026-07-06,50.68633540372671,28.13072814098806,52.70096137218003,14.205000594136326,38.868616251474336,12.038694579558946,36.00948432414924,11.250822367000131
2026-07-07,49.68633540372671,27.13072814098806,54.70096137218003,16.205000594136326,40.868616251474336,14.038694579558946,35.00948432414924,10.250822367000131
2026-07-08,48.68633540372671,26.13072814098806,53.70096137218003,15.205000594136326,39.868616251474336,13.038694579558946,34.00948432414924,9.250822367000131
2026-07-09,50.68633540372671,25.13072814098806,52.70096137218003,14.205000594136326,38.868616251474336,12.038694579558946,33.00948432414924,8.250822367000131
2026-07-10,49.68633540372671,24.13072814098806,51.70096137218003,13.205000594136326,37.868616251474336,11.038694579558946,32.00948432414924,7.250822367000131
2026-07-13,51.68633540372671,23.13072814098806,50.70096137218003,12.205000594136326,36.868616251474336,10.038694579558946,31.00948432414924,6.250822367000131
2026-07-14,50.68633540372671,22.13072814098806,49.70096137218003,11.205000594136326,35.868616251474336,9.038694579558946,30.00948432414924,5.250822367000131
2026-07-15,50.68633540372671,24.13072814098806,51.70096137218003,13.205000594136326,37.868616251474336,11.038694579558946,32.00948432414924,7.250822367000131
2026-07-16,52.68633540372671,26.13072814098806,50.70096137218003,12.205000594136326,36.868616251474336,10.038694579558946,32.00948432414924,7.250822367000131
2026-07-17,51.68633540372671,25.13072814098806,49.70096137218003,11.205000594136326,38.868616251474336,10.174042805577344,34.00948432414924,7.3861705930185275
2026-07-20,50.68633540372671,24.13072814098806,48.70096137218003,10.205000594136326,37.868616251474336,9.174042805577344,33.00948432414924,6.3861705930185275
2026-07-21,49.68633540372671,23.13072814098806,47.70096137218003,9.205000594136326,36.868616251474336,8.174042805577344,32.00948432414924,5.3861705930185275
2026-07-22,48.68633540372671,25.13072814098806,49.70096137218003,11.205000594136326,38.868616251474336,10.174042805577344,31.00948432414924,4.3861705930185275
2026-07-23,50.68633540372671,24.13072814098806,48.70096137218003,10.205000594136326,37.868616251474336,9.174042805577344,30.00948432414924,3.3861705930185275
2026-07-24,49.68633540372671,26.13072814098806,50.70096137218003,12.205000594136326,39.868616251474336,8.174042805577344,29.00948432414924,2.3861705930185275
2026-07-27,51.68633540372671,28.13072814098806,52.70096137218003,14.205000594136326,41.868616251474336,10.174042805577344,31.00948432414924,4.3861705930185275
2026-07-28,53.68633540372671,30.13072814098806,51.70096137218003,13.205000594136326,40.868616251474336,9.174042805577344,30.00948432414924,3.3861705930185275
2026-07-29,52.68633540372671,32.13072814098806,53.70096137218003,15.205000594136326,42.868616251474336,11.174042805577344,29.00948432414924,2.3861705930185275
2026-07-30,52.68633540372671,31.13072814098806,55.70096137218003,17.205000594136326,44.868616251474336,13.174042805577344,29.434081688717324,2.806608549222907
2026-07-31,51.68633540372671,33.13072814098806,57.70096137218003,19.205000594136326,46.868616251474336,13.155064703387563,28.434081688717324,1.806608549222907
2026-08-03,51.68633540372671,35.13072814098806,59.70096137218003,21.205000594136326,48.868616251474336,15.155064703387563,30.434081688717324,3.3963521389664963
2026-08-04,53.68633540372671,37.13072814098806,61.70096137218003,23.205000594136326,50.868616251474336,17.155064703387563,32.43408168871733,5.396352138966496
2026-08-05,52.68633540372671,36.13072814098806,60.70096137218003,22.205000594136326,49.868616251474336,19.155064703387563,34.43408168871733,7.396352138966496
2026-08-06,54.68633540372671,38.13072814098806,62.70096137218003,24.205000594136326,50.07120245837089,19.19805535759317,34.084081688717326,7.008814145045524
2026-08-07,53.68633540372671,37.13072814098806,61.70096137218003,23.205000594136326,49.07120245837089,18.19805535759317,33.084081688717326,6.008814145045524
2026-08-10,52.68633540372671,36.13072814098806,60.70096137218003,22.205000594136326,48.07120245837089,17.19805535759317,32.084081688717326,5.008814145045524
2026-08-11,51.68633540372671,35.13072814098806,59.70096137218003,21.205000594136326,47.07120245837089,16.19805535759317,32.084081688717326,5.008814145045524
2026-08-12,50.68633540372671,34.13072814098806,58.70096137218003,20.205000594136326,46.07120245837089,15.19805535759317,31.084081688717326,4.008814145045524
2026-08-13,52.68633540372671,36.13072814098806,60.70096137218003,22.205000594136326,48.07120245837089,17.19805535759317,31.17055967613871,4.086817265170329
2026-08-14,51.68633540372671,35.13072814098806,59.70096137218003,21.205000594136326,47.07120245837089,16.19805535759317,33.17055967613871,6.086817265170329
